Threads,Speedup
1,33.135615
2,6.050451
4,3.962346
8,0.790704
