Threads,Speedup
1,1.01904
2,2.04478
4,3.896012
8,5.522733
