Threads,Speedup
1,0.102273
2,0.006881
4,0.005025
8,0.001197
