Threads,Speedup
1,32.116209
2,6.830992
4,3.778314
8,0.75405
