Threads,Speedup
1,0.997695
2,1.947018
4,3.718952
8,5.600142
