Threads,Speedup
1,0.033898
2,0.003571
4,0.002863
8,0.000524
