Threads,Speedup
1,27.563158
2,5.970132
4,4.261119
8,0.920455
