Threads,Speedup
1,1.005644
2,1.74247
4,3.671135
8,5.468445
