Threads,Speedup
1,0.027972
2,0.001582
4,0.000989
8,0.000603
