Threads,Speedup
1,28.34131
2,3.952897
4,2.618676
8,0.647119
