Threads,Speedup
1,1.032114
2,1.989136
4,3.770515
8,5.352045
