Threads,Speedup
1,0.102273
2,0.005784
4,0.004433
8,0.001001
