Threads,Average Time (s),Speedup
1,0.0017523999999999999,1.0
2,0.0091894,0.19069797810520817
4,0.0152228,0.11511679848648079
8,0.0447318,0.03917570945054748
