Threads,Average Time (s),Speedup
1,1.2073956,1.0
2,1.2072502,1.000120438994336
4,1.199217,1.0068199500173862
8,1.1952116,1.0101940108345668
