Threads,Average Time (s),Speedup
1,1.1681984,1.0
2,0.604115,1.9337351332113921
4,0.3142698,3.717183133727772
8,0.2164762,5.3964287991012405
