Threads,Average Time (s),Speedup
1,1.3e-05,1.0
2,0.00018580000000000002,0.06996770721205596
4,0.0003144,0.04134860050890585
8,0.0006324,0.020556609740670462
