Threads,Speedup
1,33.302707
2,7.007832
4,4.210857
8,0.892937
