Threads,Speedup
1,1.0014
2,1.937754
4,3.765713
8,4.514336
