Threads,Speedup
1,0.130435
2,0.008345
4,0.00578
8,0.001609
